160,11,0,0,Kangwon
161,33,8,0,Kangwon
162,10,12,0,Kangwon
163,5,3,0,Kangwon
164,5,3,10,Kangwon
160,9,1,0,Kyungki
161,38,9,0,Kyungki
162,12,10,0,Kyungki
163,5,6,2,Kyungki
164,4,3,10,Kyungki
160,8,1,0,Kyungnam
161,30,10,0,Kyungnam
162,12,11,1,Kyungnam
163,5,4,1,Kyungnam
164,3,3,9,Kyungnam
160,11,1,0,Kyungbook
161,31,7,0,Kyungbook
162,12,11,0,Kyungbook
163,5,5,2,Kyungbook
164,5,4,14,Kyungbook
160,5,1,0,Gwangju
161,24,5,0,Gwangju
162,11,13,0,Gwangju
163,3,3,2,Gwangju
164,3,3,11,Gwangju
160,7,1,0,Daegu
161,35,6,1,Daegu
162,11,8,1,Daegu
163,7,3,1,Daegu
164,8,6,14,Daegu
160,6,1,0,Daejeon
161,37,4,0,Daejeon
162,11,11,0,Daejeon
163,2,3,1,Daejeon
164,6,5,13,Daejeon
160,9,1,0,Busan
161,22,5,0,Busan
162,9,8,0,Busan
163,4,4,1,Busan
164,3,3,8,Busan
160,8,1,0,Seoul
161,29,7,0,Seoul
162,11,9,0,Seoul
163,4,4,1,Seoul
164,4,3,7,Seoul
160,8,3,0,Ulsan
161,29,7,0,Ulsan
162,11,11,0,Ulsan
163,2,5,1,Ulsan
164,5,4,15,Ulsan
160,9,1,0,Incheon
161,30,9,0,Incheon
162,13,12,1,Incheon
163,6,3,1,Incheon
164,4,3,11,Incheon
160,9,2,0,Jeonam
161,23,5,0,Jeonam
162,11,10,1,Jeonam
163,3,4,1,Jeonam
164,2,3,9,Jeonam
160,12,1,0,Jeonbook
161,25,8,0,Jeonbook
162,11,9,1,Jeonbook
163,3,2,2,Jeonbook
164,2,4,10,Jeonbook
160,16,2,0,Jeju
161,32,8,0,Jeju
162,11,7,0,Jeju
163,4,7,2,Jeju
164,3,2,10,Jeju
160,10,2,0,Choongnam
161,28,9,0,Choongnam
162,11,8,1,Choongnam
163,6,4,2,Choongnam
164,4,3,9,Choongnam
160,9,1,0,Choongbook
161,30,6,0,Choongbook
162,11,8,0,Choongbook
163,5,3,3,Choongbook
164,3,4,8,Choongbook
